{"CUSTOMER_SUMMARY_TOTAL_AMOUNT_OF_ALL_FEES": 2185.6119369823573, "CUSTOMER_SUMMARY_NUMBER_OF_ACTIVE_ACCOUNTS": 0.8115645879278843, "CUSTOMER_SUMMARY_FUNDS_UNDER_MANAGEMENT": 459804.2991923841, "CUSTOMER_NUMBER_OF_DEPENDENT_CHILDREN": 0.8271491909371641, "CUSTOMER_SUMMARY_TOTAL_NUMBER_OF_BUY_TRADES": 0.14506359646469774, "CUSTOMER_ANNUAL_INCOME": 28533.542152664904, "CUSTOMER_SUMMARY_ASSETS": 55421.73849758743, "CUSTOMER_SUMMARY_TOTAL_NUMBER_OF_SELL_TRADES": 0.4928567911529115, "CUSTOMER_TENURE_IN_MONTHS": 10.189170386417423}