{"CUSTOMER_SUMMARY_TOTAL_AMOUNT_OF_ALL_FEES": 1020.7058687421475, "CUSTOMER_SUMMARY_NUMBER_OF_ACTIVE_ACCOUNTS": 2.5990453460620526, "CUSTOMER_SUMMARY_FUNDS_UNDER_MANAGEMENT": 495704.05727923627, "CUSTOMER_NUMBER_OF_DEPENDENT_CHILDREN": 0.9797136038186157, "CUSTOMER_SUMMARY_TOTAL_NUMBER_OF_BUY_TRADES": 0.9785202863961814, "CUSTOMER_ANNUAL_INCOME": 94306.79594272077, "CUSTOMER_SUMMARY_ASSETS": 148506.50357995226, "CUSTOMER_SUMMARY_TOTAL_NUMBER_OF_SELL_TRADES": 0.41408114558472553, "CUSTOMER_TENURE_IN_MONTHS": 17.139618138424822}